[Header],,,,,,,,,
IEMFileVersion,4,,,,,,,,
Investigator Name,name,,,,,,,,
Experiment Name,experiment_name,,,,,,,,
Date,DATE,,,,,,,,
Workflow,GenerateFASTQ,,,,,,,,
Application,Novaseq FASTQ Only,,,,,,,,
Assay,10X,,,,,,,,
Description,nextseq sample sheet,,,,,,,,
Chemistry,Default,,,,,,,,
,,,,,,,,,
[Reads],,,,,,,,,
28,,,,,,,,,
75,,,,,,,,,
,,,,,,,,,
[Settings],,,,,,,,,
,,,,,,,,,
[Data],,,,,,,,,
Sample_ID,Sample_Name,Sample_Plate,Sample_Well,I7_Index_ID,index,I5_Index_ID,index2,Sample_Project,Description
1,EXP-HT1,,,SI-TT-D1,TGCAATGTTC,SI-TT-D1,GCTTGTCGAA,EXP-HT1,
2,EXP-HT2,,,SI-TT-D2,TTAATACGCG,SI-TT-D2,CACCTCGGGT,EXP-HT2,
3,EXP-HT3,,,SI-TT-D3,CCTTCTAGAG,SI-TT-D3,AATACAACGA,EXP-HT3,
4,EXP-HT4,,,SI-TT-D4,GCAGTATAGG,SI-TT-D4,TTCCGTGCAC,EXP-HT4,
5,EXP-KO1,,,SI-TT-D5,TGGTTCGGGT,SI-TT-D5,GTGGCAGGAG,EXP-KO1,
6,EXP-KO2,,,SI-TT-D6,CCCAGCTTCT,SI-TT-D6,GACACCAAAC,EXP-KO2,
7,EXP-KO3,,,SI-TT-D7,CCTGTCAGGG,SI-TT-D7,AGCCCGTAAC,EXP-KO3,
8,EXP-KO4,,,SI-TT-D8,CGCTGAAATC,SI-TT-D8,AGGTGTCTGC,EXP-KO4,
9,EXP-W1,,,SI-TT-D9,TGGTCCCAAG,SI-TT-D9,CCTCTGGCGT,EXP-W1,
10,EXP-W2,,,SI-TT-D10,ATGCGAATGG,SI-TT-D10,ACAAGTGTCG,EXP-W2,
11,EXP-W3,,,SI-TT-D11,CGAATATTCG,SI-TT-D11,CTGGAAGCAA,EXP-W3,
12,EXP-W4,,,SI-TT-D12,GAATTGGTTA,SI-TT-D12,ACTCTAGTAG,EXP-W4,